<?xml version="1.0" encoding="UTF-8" ?>
<XMLDB PATH="mod/basiclti/db" VERSION="20080912" COMMENT="XMLDB file for Moodle mod/basiclti"
    xmlns:xsi="http://www.w3.org/2001/XMLSchema-instance"
    xsi:noNamespaceSchemaLocation="../../../lib/xmldb/xmldb.xsd"
>
  <TABLES>
    <TABLE NAME="basiclti" COMMENT="This table contains Simple LTI activities instances" NEXT="basiclti_filter">
      <FIELDS>
        <FIELD NAME="id" TYPE="int" LENGTH="10" NOTNULL="true" UNSIGNED="true" SEQUENCE="true" ENUM="false" NEXT="course"/>
        <FIELD NAME="course" TYPE="int" LENGTH="10" NOTNULL="true" UNSIGNED="true" DEFAULT="0" SEQUENCE="false" ENUM="false" COMMENT="Course basiclti activity belongs to" PREVIOUS="id" NEXT="name"/>
        <FIELD NAME="name" TYPE="char" LENGTH="255" NOTNULL="true" SEQUENCE="false" ENUM="false" COMMENT="name field for moodle instances" PREVIOUS="course" NEXT="intro"/>
        <FIELD NAME="intro" TYPE="text" LENGTH="medium" NOTNULL="false" SEQUENCE="false" ENUM="false" COMMENT="General introduction of the basiclti activity" PREVIOUS="name" NEXT="introformat"/>
        <FIELD NAME="introformat" TYPE="int" LENGTH="4" NOTNULL="true" UNSIGNED="true" DEFAULT="0" SEQUENCE="false" ENUM="false" COMMENT="Format of the intro field (MOODLE, HTML, MARKDOWN...)" PREVIOUS="intro" NEXT="timecreated"/>

        <FIELD NAME="timecreated" TYPE="int" LENGTH="10" NOTNULL="true" UNSIGNED="true" DEFAULT="0" SEQUENCE="false" ENUM="false" PREVIOUS="introformat" NEXT="timemodified"/>
        <FIELD NAME="timemodified" TYPE="int" LENGTH="10" NOTNULL="true" UNSIGNED="true" DEFAULT="0" SEQUENCE="false" ENUM="false" PREVIOUS="timecreated" NEXT="typeid"/>
        <FIELD NAME="typeid" TYPE="int" LENGTH="10" NOTNULL="true" UNSIGNED="true" SEQUENCE="false" ENUM="false" COMMENT="Simple LTI type" PREVIOUS="timemodified" NEXT="toolurl"/>
        <FIELD NAME="toolurl" TYPE="char" LENGTH="255" NOTNULL="true" SEQUENCE="false" ENUM="false" COMMENT="Remote tool url" PREVIOUS="typeid" NEXT="password"/>
        <FIELD NAME="password" TYPE="char" LENGTH="32" NOTNULL="true" SEQUENCE="false" ENUM="false" COMMENT="Remote tool password hash" PREVIOUS="toolurl" NEXT="resourceurl"/>
        <FIELD NAME="resourceurl" TYPE="char" LENGTH="255" NOTNULL="true" SEQUENCE="false" ENUM="false" COMMENT="Resource url" PREVIOUS="password" NEXT="preferwidget"/>
        <FIELD NAME="preferwidget" TYPE="int" LENGTH="1" NOTNULL="true" UNSIGNED="true" DEFAULT="0" SEQUENCE="false" ENUM="false" COMMENT="Prefer widget launch" PREVIOUS="resourceurl" NEXT="preferwidth"/>
        <FIELD NAME="preferwidth" TYPE="int" LENGTH="4" NOTNULL="true" UNSIGNED="true" DEFAULT="0" SEQUENCE="false" ENUM="false" COMMENT="Preferred widget width" PREVIOUS="preferwidget" NEXT="preferheight"/>
        <FIELD NAME="preferheight" TYPE="int" LENGTH="4" NOTNULL="true" UNSIGNED="true" DEFAULT="0" SEQUENCE="false" ENUM="false" COMMENT="Peferred widget height" PREVIOUS="preferwidth"/>

      </FIELDS>
      <KEYS>
        <KEY NAME="primary" TYPE="primary" FIELDS="id"/>
      </KEYS>
      <INDEXES>
        <INDEX NAME="course" UNIQUE="false" FIELDS="course"/>
      </INDEXES>
    </TABLE>
    <TABLE NAME="basiclti_filter" COMMENT="This table stores trusted servers and it's password" PREVIOUS="basiclti" NEXT="basiclti_types">

      <FIELDS>
        <FIELD NAME="id" TYPE="int" LENGTH="10" NOTNULL="true" UNSIGNED="true" SEQUENCE="true" ENUM="false" NEXT="toolurl"/>
        <FIELD NAME="toolurl" TYPE="char" LENGTH="255" NOTNULL="true" SEQUENCE="false" ENUM="false" COMMENT="Server url" PREVIOUS="id" NEXT="password"/>
        <FIELD NAME="password" TYPE="char" LENGTH="32" NOTNULL="true" SEQUENCE="false" ENUM="false" COMMENT="Server password" PREVIOUS="toolurl"/>
      </FIELDS>
      <KEYS>
        <KEY NAME="primary" TYPE="primary" FIELDS="id"/>
      </KEYS>
    </TABLE>

    <TABLE NAME="basiclti_types" COMMENT="Simple LTI pre-configured activities" PREVIOUS="basiclti_filter" NEXT="basiclti_types_config">
      <FIELDS>
        <FIELD NAME="id" TYPE="int" LENGTH="10" NOTNULL="true" UNSIGNED="true" SEQUENCE="true" ENUM="false" NEXT="name"/>
        <FIELD NAME="name" TYPE="char" LENGTH="255" NOTNULL="true" DEFAULT="SimpleLTI Activity" SEQUENCE="false" ENUM="false" COMMENT="Activity name" PREVIOUS="id" NEXT="rawname"/>
        <FIELD NAME="rawname" TYPE="char" LENGTH="100" NOTNULL="true" SEQUENCE="false" ENUM="false" PREVIOUS="name"/>
      </FIELDS>
      <KEYS>
        <KEY NAME="primary" TYPE="primary" FIELDS="id"/>
      </KEYS>

    </TABLE>
    <TABLE NAME="basiclti_types_config" COMMENT="Simple LTI types configuration" PREVIOUS="basiclti_types">
      <FIELDS>
        <FIELD NAME="id" TYPE="int" LENGTH="10" NOTNULL="true" UNSIGNED="true" SEQUENCE="true" ENUM="false" NEXT="typeid"/>
        <FIELD NAME="typeid" TYPE="int" LENGTH="10" NOTNULL="true" UNSIGNED="true" SEQUENCE="false" ENUM="false" COMMENT="Simple LTI type id" PREVIOUS="id" NEXT="name"/>
        <FIELD NAME="name" TYPE="char" LENGTH="100" NOTNULL="true" SEQUENCE="false" ENUM="false" COMMENT="Simple LTI param" PREVIOUS="typeid" NEXT="value"/>
        <FIELD NAME="value" TYPE="char" LENGTH="255" NOTNULL="true" SEQUENCE="false" ENUM="false" COMMENT="Param value" PREVIOUS="name"/>
      </FIELDS>
      <KEYS>

        <KEY NAME="primary" TYPE="primary" FIELDS="id"/>
      </KEYS>
    </TABLE>
  </TABLES>
  <STATEMENTS>
    <STATEMENT NAME="insert log_display" TYPE="insert" TABLE="log_display" COMMENT="Initial insert of records on table log_display. Each record describes how data will be showed by log reports.">
      <SENTENCES>
        <SENTENCE TEXT="(module, action, mtable, field) VALUES ('basiclti', 'add', 'basiclti', 'name')" />
        <SENTENCE TEXT="(module, action, mtable, field) VALUES ('basiclti', 'update', 'basiclti', 'name')" />

        <SENTENCE TEXT="(module, action, mtable, field) VALUES ('basiclti', 'view', 'basiclti', 'name')" />
      </SENTENCES>
    </STATEMENT>
  </STATEMENTS>
</XMLDB>